left_out,mean,measure,model_name,sd,top_from
1,0.003973509933774835,precision,model_file_12conf_5n_1l,0.027909016563848317,5
1,0.019867549668874173,recall,model_file_12conf_5n_1l,0.13954508281924158,5
1,0.019867549668874173,sps,model_file_12conf_5n_1l,0.13954508281924158,5
1,0.004635761589403974,precision,model_file_17conf_10n_1l,0.0300942192516603,5
1,0.023178807947019868,recall,model_file_17conf_10n_1l,0.1504710962583015,5
1,0.023178807947019868,sps,model_file_17conf_10n_1l,0.1504710962583015,5
